OC_omid,issn,EP_id,Publications_in_venue,Open Access
6101046386,"['1353-0194', '1469-3542']",438654,565,Unknown
6101157473,"['1752-2285', '0967-201X']",343406,272,True
6101227013,"['1470-1553', '1060-1503']",448043,993,Unknown
6101302731,"['1470-1138', '0263-5143']",446434,828,Unknown
6101304722,"['2052-6148', '0263-7189']",449260,536,Unknown
61013294,"['1467-937X', '0034-6527']",343614,3438,Unknown
6101330308,"['2040-8064', '2040-8056']",491325,287,Unknown
6101344133,"['2161-4741', '1074-164X']",470364,80,Unknown
6101502533,"['2397-9704', '2397-9712']",494800,45,Unknown
6101515086,"['2374-5118', '2374-5126']",486387,360,Unknown
6101628984,['2755-0923'],503325,2,True
6101717166,['1759-0434'],489166,120,True
6101781886,"['2047-993X', '1750-2705']",477341,180,Unknown
6101853399,"['1029-8649', '2045-4147']",445001,719,Unknown
610199104,"['1479-5760', '1046-2937']",447443,868,Unknown
61019963,"['0021-8758', '1469-5154']",442384,1445,Unknown
61019995,"['0021-8774', '1468-5922']",442388,1862,Unknown
61020044,"['0021-8782', '1469-7580']",340772,3598,Unknown
6102138250,"['2045-9815', '2045-9807']",493666,122,Unknown
610222103,"['1364-8470', '1469-2910']",437860,620,Unknown
6102253959,['2049-7547'],480650,80,Unknown
6102253989,"['2049-7555', '2049-7563']",485154,69,Unknown
6102278838,"['1389-224X', '1750-8622']",447598,643,Unknown
61023640,"['0048-721X', '1096-1151']",446381,1339,Unknown
610241949,"['1471-6917', '0955-2340']",443174,339,Unknown
610242064,"['1477-4674', '0955-2359']",448356,565,Unknown
61024933,"['1467-9752', '0309-8249']",340854,1708,Unknown
61024962,"['0309-8265', '1466-1845']",442994,1591,Unknown
61025103,"['1369-801X', '1469-929X']",442146,1053,Unknown
61025108,['1369-8478'],447885,2454,Unknown
61025129,"['0007-6791', '1743-7938']",342362,1913,Unknown
6102628882,['2049-1565'],484935,50,True
6102646741,['2059-2949'],504668,16,True
610266208,['1746-6660'],470710,400,Unknown
61028076,"['1461-7315', '1461-4448']",341593,2467,Unknown
6102857775,"['0067-270X', '1945-5534']",438317,911,Unknown
61029331,"['1552-390X', '0013-9165']",343684,1926,Unknown
6103077261,"['0261-4448', '1475-3049']",444300,767,Unknown
6103196085,['1757-9597'],484563,260,Unknown
61032597,"['1532-2998', '1532-3005']",415406,1226,Unknown
61032772,"['1468-4381', '1050-3307']",340319,1638,Unknown
61034101,"['0014-1844', '1469-588X']",340512,1480,Unknown
6103472726,"['1468-0122', '0264-3944']",445607,914,Unknown
61038878,"['1744-8581', '0024-2160']",444403,1143,Unknown
61043126,"['0043-8243', '1470-1375']",448182,1743,Unknown
6104428,"['1756-3062', '1460-6925']",439837,927,Unknown
610443025,"['1477-8351', '1745-5227']",483215,74,Unknown
61051229,"['1750-0184', '0001-9720']",342192,2669,Unknown
61051307,"['0001-9909', '1468-2621']",437421,2167,Unknown
61051419,"['1469-2872', '0002-0184']",437437,1260,Unknown
610518345,"['1469-9818', '1463-6204']",443774,472,Unknown
61052814,['1355-2198'],447266,1020,Unknown
61053939,"['1461-7250', '0022-0094']",442698,1681,Unknown
61058449,"['0075-4269', '2041-4099']",443037,2276,Unknown
61058474,"['0079-497X', '2050-2729']",446078,1347,Unknown
61065210,"['0260-2105', '1469-9044']",343284,1466,Unknown
610732875,['2055-5911'],483782,304,True
610747372,"['2325-7989', '2325-7962']",489350,167,Unknown
6107706,"['1460-2482', '0031-2290']",445599,1767,Unknown
610850210,"['2050-070X', '2050-0718']",485808,65,Unknown
610850233,"['2050-0726', '2050-0734']",481407,155,Unknown
610871217,['1448-7136'],470476,161,Unknown
610916254,"['1943-2178', '0266-6286']",448176,661,Unknown
610967519,"['1470-1154', '1364-2529']",446464,751,Unknown
61099128,"['2040-0594', '1741-1548']",450969,351,Unknown
61099200,"['1741-1920', '1741-1912']",440369,386,Unknown
61101008922,['1350-7532'],450925,38,Unknown
6901352501,['2222-4262'],450925,21,Unknown
61101182062,"['1473-2971', '2051-6231']",470606,148,Unknown
6110118312,"['0030-9230', '1477-674X']",445542,1002,Unknown
61101276818,"['1045-1595', '2162-4070']",482765,773,Unknown
61101278059,"['1740-5904', '1740-5912']",439573,579,Unknown
61101278156,"['1751-7427', '1740-6315']",469883,273,Unknown
61101288927,"['1479-0963', '1745-8218']",477651,83,Unknown
6110158061,"['1755-2036', '1750-1245']",471022,204,Unknown
61101673998,"['2051-7041', '2051-705X']",499139,61,Unknown
61101674021,"['2051-7076', '2051-7068']",485807,40,Unknown
61101674042,"['2051-7084', '2051-7092']",486127,83,Unknown
61101674064,"['2051-7106', '2051-7114']",486838,110,Unknown
61101697305,"['1361-4533', '1740-7834']",445192,459,Unknown
61101803006,"['1740-8989', '1742-5786']",445782,689,Unknown
61101816754,"['0814-0626', '2049-775X']",485607,573,Unknown
61101837386,"['0802-6106', '1473-4192']",342238,758,Unknown
61101848263,['2009-3829'],489487,195,Unknown
61101885025,"['0212-6109', '2041-3335']",482015,794,Unknown
6110213530,"['1755-201X', '1460-8235']",475529,358,Unknown
61102166499,"['1938-8071', '1938-8063']",477021,304,Unknown
61102241796,"['2049-9531', '2001-0818']",478159,195,Unknown
611022768,"['1464-3502', '0735-0414']",340678,3026,Unknown
611022785,"['0729-4360', '1469-8366']",441153,1921,Unknown
6110240057,"['2632-6779', '2633-6898']",501760,23,True
61102440789,"['0048-671X', '2202-932X']",446327,438,Unknown
61102634227,"['0143-3768', '2160-2506']",479167,324,Unknown
61102792643,"['1539-6053', '1529-1006']",446193,126,Unknown
611027963,"['0392-1921', '1467-7695']",439909,1025,Unknown
611029399,"['0003-813X', '1475-4754']",437992,2465,Unknown
611030684,"['1745-8188', '0961-5652']",482684,418,Unknown
61103120362,"['1477-4658', '0269-1213']",446396,711,Unknown
6110323806,"['1751-942X', '1751-9411']",476943,173,Unknown
6110325637,['2048-7754'],489164,326,True
6110332540,"['2516-5305', '1744-2532']",491709,76,Unknown
6110332784,"['1744-2648', '1744-2656']",478242,542,Unknown
6110336928,"['0265-1068', '1752-2692']",446898,195,Unknown
611055698,"['0046-760X', '1464-5130']",441202,1116,Unknown
611063330,"['0143-6597', '1360-2241']",342509,3226,Unknown
611066456,"['0735-3936', '1099-0798']",438357,1715,Unknown
611071020,"['1465-363X', '0955-792X']",443216,1562,Unknown
611071044,['0955-8810'],343385,2666,Unknown
6110738009,"['1468-1099', '1474-0060']",442260,457,Unknown
61108023,"['0965-4313', '1469-5944']",340152,2629,Unknown
61108050,"['0967-2567', '1469-5936']",440488,1133,Unknown
6110824127,"['1465-3451', '0143-9685']",441182,741,Unknown
61201047,"['0361-6843', '1471-6402']",446209,1318,Unknown
61201068674,"['1474-0109', '0958-3440']",446354,575,Unknown
612011827,"['0016-1128', '1468-2931']",440785,1125,Unknown
61201245076,"['1477-2809', '0197-3762']",448065,373,Unknown
612014919,"['0004-9441', '2050-5884']",438270,1291,Unknown
612016315,"['1469-994X', '1462-2203']",445221,4613,Unknown
61201654353,"['2399-357X', '2399-3588']",500622,43,Unknown
61201684820,"['1474-0044', '1361-4916']",440507,461,Unknown
61201685023,"['1745-8145', '1361-7427']",436343,152,Unknown
61201731231,"['2058-9050', '2754-9941']",503162,24,Unknown
61201788338,"['1740-9306', '1740-9292']",480446,662,Unknown
61201921429,"['2050-4594', '0306-1973']",444451,173,Unknown
61201936793,"['2055-7671', '2055-768X']",488293,668,Unknown
61201936847,"['2055-7752', '2055-7760']",486461,58,Unknown
61201950627,['2641-0397'],497755,274,True
61201977652,"['1753-5530', '1465-5187']",342189,382,Unknown
61202006980,['2211-2545'],504677,17,True
61202020463,"['1013-0950', '2158-978X']",476417,900,Unknown
61202083342,"['2633-3538', '2633-352X']",500652,3,Unknown
61202087717,['2059-6588'],490894,23,Unknown
612021784,"['1464-3618', '0165-1587']",440506,1296,Unknown
612021809,"['0960-6491', '1464-3650']",441562,1459,Unknown
6120230870,"['0256-8543', '2150-2641']",468583,878,Unknown
6120234069,"['0955-2367', '1469-2961']",341868,545,Unknown
61202435,"['1476-8321', '0887-0446']",339943,2447,Unknown
612024725,"['1544-8444', '1544-8452']",469991,1129,Unknown
612026167,"['1461-7021', '1359-1045']",439148,1473,Unknown
61202637808,"['2054-7110', '2054-7129']",490892,39,Unknown
61202662552,"['2053-4477', '2053-4485']",486030,301,Unknown
612028793,"['1478-9949', '1478-9957']",442959,1013,Unknown
61203025176,"['2051-2864', '2051-2856']",484905,43,Unknown
61203072272,"['2048-0849', '0066-1546']",484357,679,Unknown
61203136079,['1466-4615'],451026,416,True
612038264,"['0968-8080', '1460-9576']",446411,1255,True
612038309,"['1466-4526', '0969-2290']",446488,1199,Unknown
61203872,"['2049-680X', '0025-3359']",444565,1537,Unknown
6120391354,"['1351-3249', '1469-8110']",445051,585,Unknown
612041379,"['0021-2237', '2047-9336']",479641,1192,Unknown
6120416415,"['1321-103X', '1834-5530']",476656,468,Unknown
612042509,"['0012-155X', '1467-7660']",343651,2084,Unknown
612042650,"['1476-9360', '0160-5682']",443965,8650,Unknown
6120435408,"['1474-225X', '1747-0234']",469923,386,Unknown
612045547,"['1468-2281', '0950-3471']",441187,1479,Unknown
612050136,"['0036-9306', '1475-3065']",446818,1287,Unknown
61205292,"['1350-1763', '1466-4429']",425414,2025,Unknown
6120553381,"['2047-3869', '2047-3877']",481017,514,Unknown
612059306,"['1471-6909', '0954-2892']",441994,806,Unknown
612060836,"['1099-0879', '1063-3995']",429963,1616,Unknown
612065869,"['1356-2576', '1470-1235']",447113,485,Unknown
6120685173,"['1752-9727', '1752-9719']",476497,316,Unknown
6120728703,"['1747-5104', '1468-1366']",422109,824,Unknown
6120813955,['1044-5005'],342604,686,Unknown
6120855329,"['0082-7118', '2752-7042']",447946,156,True
6120898327,"['1932-4391', '1932-443X']",471094,391,Unknown
6120922859,['2632-6655'],499454,135,True
6120922906,['2632-7627'],502122,55,True
6120968874,"['2054-4715', '0184-7678']",340258,206,Unknown
6120969164,"['0190-0536', '1467-9205']",445728,627,Unknown
6120998458,"['0729-2473', '2042-4345']",482436,321,Unknown
613010044,"['1360-0451', '0954-0121']",340125,5046,Unknown
613010068,"['0954-0253', '1360-0516']",440843,1411,Unknown
613010113,"['1470-1243', '1357-3322']",413958,1168,Unknown
61301036333,"['1467-5986', '1469-8439']",441690,928,Unknown
61301048683,"['0309-5207', '1759-7811']",451143,327,Unknown
61301048902,"['0309-6564', '1759-7854']",478831,326,Unknown
61301174625,"['1473-3277', '1473-3285']",424232,960,Unknown
61301280492,"['1479-2443', '1479-2451']",449324,697,Unknown
61301363563,"['1754-9515', '1754-9507']",475158,947,Unknown
61301399329,"['1477-4593', '0167-5133']",443719,565,Unknown
613016194,"['1464-5106', '0268-0939']",442795,1586,Unknown
61301802505,"['1366-8250', '1469-9532']",443128,968,Unknown
61301937721,['2056-3051'],488331,879,True
613019931,"['2153-3601', '0026-9662']",447630,2065,Unknown
61301996794,"['2516-2705', '2516-2713']",503936,4,Unknown
61301996801,['2516-2888'],498968,26,True
61301996813,"['2516-3132', '2516-3124']",503937,9,Unknown
613021319,"['0964-2633', '1365-2788']",443130,3729,Unknown
61302149876,"['1024-5294', '1477-2221']",439331,568,Unknown
61302178612,['2398-6786'],503361,50,True
61302178630,"['2398-6808', '2398-6816']",493604,138,Unknown
61302188620,"['1748-5991', '1748-5983']",470539,622,Unknown
61302384653,"['1746-0719', '1746-0727']",478777,161,True
61302612305,"['2046-987X', '2046-9861']",486911,130,Unknown
61302633869,"['2054-7668', '2054-7676']",485806,121,Unknown
613026371,"['1460-3608', '0265-4075']",443737,2397,Unknown
61302653338,"['0956-7933', '1474-0656']",446695,372,Unknown
61302666439,"['1941-5257', '1941-5265']",475652,843,Unknown
613029001,"['1472-3433', '0263-7758']",341855,2055,Unknown
613029054,['0263-7863'],441986,2568,Unknown
6130293626,['2056-3841'],489578,185,Unknown
6130293666,['2056-3868'],489481,196,Unknown
61303117153,"['1741-2706', '1468-7968']",440363,857,Unknown
613033523,"['1935-1011', '0002-8312']",447459,2278,Unknown
613036561,"['0018-1196', '1468-2265']",441139,1025,Unknown
6130413036,"['1740-7931', '0141-6200']",342752,952,Unknown
6130435286,"['1474-273X', '2040-0896']",474761,243,Unknown
6130435354,"['1474-2748', '2040-0551']",486842,275,Unknown
6130435434,"['2040-0578', '1474-2756']",445165,179,Unknown
6130435494,"['1474-2837', '1474-2829']",447003,705,Unknown
6130530562,"['1745-5235', '0953-9468']",477777,320,Unknown
61305648,['1751-9004'],475654,990,Unknown
613057060,['0388-0001'],444298,1492,Unknown
613062809,"['0966-369X', '1360-0524']",440846,1681,Unknown
6130729159,"['1472-0825', '1468-1811']",446899,885,Unknown
6130798654,['1478-6737'],477380,65,Unknown
6130803749,"['0268-117X', '2050-4616']",446897,621,Unknown
6130827377,['1365-893X'],443138,288,True
6130847729,"['1743-727X', '1743-7288']",477286,538,Unknown
61308872,"['1467-6494', '0022-3506']",443509,3674,Unknown
6130926570,['2632-9255'],504676,48,True
61401011445,"['1466-1381', '1741-2714']",440364,662,Unknown
61401028776,"['1471-5449', '0958-2029']",446421,834,Unknown
61401042502,"['1467-8349', '0309-7013']",447295,635,Unknown
614011280,"['1468-5965', '0021-9886']",343375,2543,Unknown
61401202333,['2397-0820'],503206,26,True
61401202432,['2397-1835'],488447,795,True
61401316,"['1741-1440', '1741-1432']",440092,1061,Unknown
61401328,['1741-4113'],481249,1208,Unknown
614014078,"['0950-0693', '1464-5289']",442014,3241,Unknown
614014085,"['1747-7581', '0950-0782']",444287,1056,Unknown
614014088,"['0950-0804', '1467-6419']",442786,1129,Unknown
6140148188,"['1477-8556', '0022-4480']",443720,595,Unknown
614015357,"['1468-0017', '0268-1064']",444850,1121,Unknown
614015577,['0268-3946'],443250,1184,Unknown
61401719803,"['2059-0660', '2059-0679']",499239,25,Unknown
61401724378,"['2169-2335', '2169-2327']",486736,261,Unknown
61401778064,"['2055-348X', '2055-3498']",485320,134,Unknown
61401778085,"['2055-3501', '2055-351X']",486462,14,Unknown
61401781057,"['1613-3625', '1612-1783']",478281,300,Unknown
614017966,"['0022-216X', '1469-767X']",443192,1125,Unknown
61401812229,"['0969-594X', '1465-329X']",438175,818,Unknown
61401922239,"['2056-3256', '2056-3264']",497286,98,Unknown
614019237,"['1467-7687', '1363-755X']",439862,2343,Unknown
61401924572,"['2397-2637', '2397-2645']",497575,55,Unknown
614019257,['1363-951X'],445901,1035,Unknown
61401955777,"['1868-6346', '1868-6354']",485083,251,True
61401983984,"['1752-4989', '0021-1400']",481586,322,Unknown
61401984242,"['2047-2153', '0021-1427']",442177,105,Unknown
614020480,"['1045-2249', '1465-7279']",343536,4457,Unknown
614020502,"['0146-8693', '1465-735X']",443500,3450,Unknown
614020520,"['1465-7368', '0893-9454']",446484,2458,Unknown
614020571,"['1743-9590', '1466-0970']",446988,1171,Unknown
614020585,"['0960-2011', '1464-0694']",445149,1477,Unknown
61402159376,['2398-7685'],502081,7,True
6140222113,"['0734-1512', '1477-2620']",441198,652,Unknown
614024962,"['0267-3231', '1460-3705']",342677,1217,Unknown
61402564,"['1469-7602', '0305-0009']",442570,1615,Unknown
6140276069,['0819-8691'],482521,248,Unknown
6140276188,"['1752-2366', '0822-7942']",340810,331,Unknown
6140291615,"['2056-4406', '2056-4414']",487588,143,Unknown
61403203,"['0257-3032', '1564-6971']",447707,413,Unknown
61403315243,"['1758-9509', '1476-413X']",474915,209,Unknown
61403315379,"['2040-1388', '1476-4504']",446315,195,Unknown
614036648,"['0018-246X', '1469-5103']",441181,2600,Unknown
614036686,"['0018-2648', '1468-229X']",441197,1204,Unknown
6140450586,"['1754-4750', '1754-4769']",478699,429,Unknown
614045581,"['2056-9793', '2056-9785']",488772,49,Unknown
6140501886,"['0969-9082', '1747-5848']",448172,477,Unknown
6140555023,"['0158-037X', '1470-126X']",447257,660,Unknown
614059913,"['2042-4582', '0093-4690']",442927,1976,Unknown
614061086,"['1469-3518', '0141-1926']",428647,1912,Unknown
614061091,"['0261-4367', '1466-4496']",340841,1332,Unknown
614061217,"['1477-2744', '1068-316X']",446201,1241,Unknown
614064425,"['1355-6207', '2326-6384']",442448,287,Unknown
6140728911,['2631-9179'],499180,25,True
6140728935,"['2631-9713', '1472-9474']",468545,137,True
6140829401,"['1366-0691', '1749-6276']",478829,40,Unknown
6140857165,"['1469-1787', '0956-5361']",437681,811,Unknown
61409636,"['2159-4260', '0001-4788']",449208,1507,Unknown
61501010206,"['1350-5033', '1753-5522']",439458,451,Unknown
61501010306,"['1350-5068', '1461-7420']",343220,885,Unknown
61501213,"['0951-0893', '1477-4526']",440191,2283,Unknown
61501263,['0951-354X'],441827,1391,Unknown
61501318,['0951-3574'],498987,1269,Unknown
61501338939,"['1745-8226', '1474-8932']",483212,207,Unknown
61501414298,"['1166-3081', '1958-5780']",470864,499,Unknown
61501500289,"['1758-3497', '1758-3489']",478841,149,Unknown
615015497,"['0950-2386', '1466-4348']",340618,1383,Unknown
615016859,"['1095-9254', '0140-1971']",341743,3138,Unknown
615016873,"['0140-2382', '1743-9655']",340264,2233,Unknown
615016908,"['1743-937X', '0140-2390']",443796,1388,Unknown
615016934,"['1469-1825', '0140-525X']",341882,12718,Unknown
61501795014,"['1753-8548', '1755-1706']",474481,167,Unknown
6150183419,['2059-4631'],489563,220,Unknown
61501888017,"['1943-9946', '1943-9938']",489169,85,True
615019547,"['1460-373X', '0192-5121']",442088,1278,Unknown
61501965391,"['2044-592X', '2044-5911']",478602,863,Unknown
61502082411,['2399-7435'],503327,26,True
61502095076,"['1740-0228', '1740-0236']",469340,406,Unknown
615022187,"['1469-5111', '1461-1457']",441945,2364,True
615022194,"['1461-6734', '1469-2988']",438213,810,Unknown
61502384822,"['1749-6292', '0305-5477']",479924,337,Unknown
615024066,"['1468-4373', '0022-5045']",443929,1324,Unknown
61502453290,"['1477-2264', '1048-6801']",483214,546,Unknown
61502455931,"['2051-9672', '2051-9680']",480626,30,Unknown
61502455944,"['2051-9699', '2051-9702']",485294,68,Unknown
61502455968,"['2051-9710', '2051-9729']",485167,55,Unknown
61502692835,"['1744-4233', '1382-5577']",440432,510,Unknown
615027197,"['1359-1053', '1461-7277']",342588,3306,Unknown
615027239,"['1741-2951', '1469-6053']",443738,373,Unknown
61502767,"['0305-0068', '1360-0486']",343044,1443,Unknown
6150326419,"['1360-2365', '1466-4410']",442451,585,Unknown
61503322911,"['1479-8409', '1479-8417']",451200,527,Unknown
615040612,"['2050-4578', '0020-7209']",441829,2087,Unknown
615040813,"['0020-7284', '1943-2836']",441861,2543,Unknown
6150433871,"['1477-9633', '2040-056X']",474912,218,Unknown
615046375,"['1464-5033', '0301-4460']",437779,2848,True
6150513117,"['1743-1697', '1463-9955']",477746,211,Unknown
61507314,"['1745-8315', '0020-7578']",441991,2276,Unknown
6150738740,"['1468-2710', '1468-2702']",442780,927,Unknown
6150738881,"['1468-2737', '1745-820X']",474898,509,Unknown
6150764821,"['1475-4975', '0363-6550']",444836,750,Unknown
6150807830,"['1478-5714', '1478-5706']",474642,182,Unknown
6150807887,"['1478-5722', '1478-5730']",471643,297,Unknown
6150839377,"['2050-0742', '2050-0750']",478848,80,Unknown
6150879549,['1525-383X'],451212,407,Unknown
6150908137,['1835-6842'],491347,38,True
615097885,"['0992-986X', '2397-8570']",503445,76,True
616010294,"['1468-2672', '0266-7215']",342018,1409,Unknown
616010317,"['0266-7363', '1469-5839']",440098,1089,Unknown
61601062052,['2517-6323'],494240,68,True
61601086269,"['2044-2416', '2044-2424']",484908,159,Unknown
61601086339,"['2044-2513', '2044-2521']",484188,284,Unknown
61601145129,"['2048-0717', '1539-7785']",451293,232,Unknown
61601150361,['0967-8948'],484653,22,Unknown
616012706,"['1745-6924', '1745-6916']",477589,1232,Unknown
61601341836,['1474-9041'],440404,947,Unknown
61601355797,"['0901-8328', '1502-7244']",342515,307,Unknown
61601368597,"['1755-0637', '1755-0645']",475493,294,Unknown
61601373995,"['0255-7614', '1744-795X']",441943,863,Unknown
616014178,"['1049-4820', '1744-5191']",441684,1705,Unknown
61601458987,"['0047-2441', '1740-2379']",442891,677,Unknown
616015301,"['0026-1068', '1467-9973']",444781,1345,Unknown
61601632682,"['1473-3536', '1752-2331']",471251,289,Unknown
61601649872,"['1753-1063', '1753-1055']",471217,554,Unknown
61601740295,"['1741-2609', '1477-3708']",440424,766,Unknown
61601800260,"['1753-8645', '1753-8637']",476110,71,Unknown
61601800290,"['1753-8947', '1753-8955']",488684,888,True
61601811,"['0951-5089', '1465-394X']",418687,1588,Unknown
61601814,"['0951-5224', '1468-2273']",441152,1183,Unknown
61601861081,['2056-9017'],449478,467,Unknown
622052386,['0742-7778'],449478,135,Unknown
61601868047,"['1747-0919', '1747-0927']",468926,831,Unknown
61601922,"['0162-9778', '1751-7877']",415725,1010,Unknown
61601983497,"['0025-1003', '1475-3502']",443943,858,Unknown
61601992919,"['1464-5335', '0267-8373']",343382,953,Unknown
61602007041,"['2041-2827', '0165-1153']",477708,851,Unknown
61602090405,['2399-9101'],491570,46,True
6160218293,"['1758-9150', '1364-971X']",474913,155,Unknown
61602188082,"['2044-8414', '1479-4098']",483216,473,Unknown
61602222468,"['0265-5322', '1477-0946']",444302,983,Unknown
61602254915,"['0002-6980', '1745-8234']",437528,821,Unknown
616024362,"['1469-297X', '0260-2938']",438174,1915,Unknown
61602460569,"['2052-0204', '2052-0212']",486899,39,Unknown
616025572,"['1474-0567', '0266-0784']",440255,1156,Unknown
616025576,"['1741-2870', '0266-2426']",341399,1428,Unknown
616025716,"['1365-2729', '0266-4909']",442667,1636,Unknown
616027035,"['0017-8969', '1748-8176']",475881,2322,Unknown
616028523,"['1470-174X', '0307-5079']",339733,2631,Unknown
616028761,"['1365-2923', '0308-0110']",435330,8213,Unknown
61603112303,"['1750-9858', '1750-984X']",479816,229,Unknown
61603158,"['0305-1862', '1365-2214']",439029,3030,Unknown
616036087,['1041-6080'],444356,2170,Unknown
616036157,"['0066-7374', '1467-9264']",446041,1365,Unknown
616038925,['0047-2352'],442721,2418,Unknown
616038978,"['1752-7554', '0047-2336']",339711,1415,Unknown
6160432557,"['2051-6770', '2051-6789']",487085,689,Unknown
61604715,"['0046-2772', '1099-0992']",342828,2937,Unknown
616051809,"['1057-9249', '1099-1611']",446213,4499,Unknown
616053156,"['1468-263X', '0045-3102']",438664,3009,Unknown
616055483,"['1747-7557', '0143-4632']",341890,1928,Unknown
61606179,['1359-8546'],447297,1025,Unknown
61606238,"['1468-3148', '1360-2322']",442267,1676,Unknown
6160623984,"['1745-7289', '1745-7297']",471721,529,Unknown
61606255,"['1360-3116', '1464-5173']",441886,1763,Unknown
616063255,"['0264-6838', '1469-672X']",340665,1248,Unknown
616064781,"['0163-4445', '1467-6427']",442921,1267,Unknown
6160738962,"['1750-0214', '0968-1361']",451762,204,Unknown
6160739074,"['1477-0385', '0968-3445']",448086,363,Unknown
6160740356,"['1743-7962', '1468-2745']",439232,454,Unknown
61607453,"['1468-2435', '0020-7985']",442081,2167,Unknown
6160860033,"['1743-8594', '1743-8586']",470349,474,Unknown
6160994465,"['1743-9612', '1360-8746']",447099,699,Unknown
61701025989,"['1750-0230', '1354-9901']",468910,341,Unknown
61701026101,"['1750-0192', '1354-991X']",483075,345,Unknown
61701033769,"['1469-9419', '1353-7903']",442700,761,Unknown
61701083862,"['2044-2831', '2044-2823']",480879,68,Unknown
61701083899,"['2044-3714', '2044-3722']",487014,47,Unknown
617012686,"['1072-4133', '1099-0968']",440403,1600,Unknown
617012735,"['2044-8287', '1359-107X']",438649,1280,Unknown
617014192,"['0144-929X', '1362-3001']",412068,2398,Unknown
617014202,"['1362-1025', '1469-3593']",439101,1147,Unknown
617014207,"['1362-1688', '1477-0954']",444301,1038,Unknown
61701477428,['2514-3298'],491191,58,True
61701477512,['2514-4774'],498870,56,True
61701477542,['2514-4820'],499808,224,True
61701796559,"['1753-9129', '1753-9137']",475147,549,Unknown
61701859920,"['2056-998X', '2056-9971']",488771,142,Unknown
61701859980,"['2057-0198', '2057-0201']",489615,189,Unknown
61701860003,"['2057-035X', '2057-0341']",490255,74,Unknown
61701860022,"['2057-0384', '2057-0392']",499209,57,Unknown
61701930635,"['0306-1078', '1741-7260']",440012,1001,Unknown
61701983359,"['0267-6583', '1477-0326']",446832,705,Unknown
61701987258,['2169-8260'],480785,118,Unknown
617020047,"['1360-0540', '0260-7476']",442794,1394,Unknown
617020065,"['0260-9541', '1755-6260']",436183,1394,Unknown
617021494,"['1522-7227', '1522-7219']",441578,1000,Unknown
617021593,"['1750-8657', '1750-8649']",470351,311,Unknown
61702220246,"['0265-6590', '1477-0865']",439031,837,Unknown
6170222416,"['2051-3437', '2051-3429']",484158,153,Unknown
617024713,"['0308-0188', '1743-2790']",442191,1508,Unknown
617026660,"['0022-5185', '1477-4607']",444005,1679,Unknown
61702740634,"['1532-7922', '1529-5192']",445595,407,Unknown
61702786507,"['1759-8281', '1759-8273']",483583,227,Unknown
61702859957,"['1467-9795', '0384-9694']",443678,714,Unknown
617029592,"['0267-257X', '1472-1376']",443259,2096,Unknown
61703081944,"['1326-4826', '1755-0475']",474488,219,Unknown
617035471,"['0047-2506', '1478-6990']",341157,2399,Unknown
6170396025,"['1866-9808', '1866-9859']",476528,334,Unknown
6170432934,"['1478-0046', '1478-0038']",439637,404,Unknown
617048980,['1071-5819'],441875,2249,Unknown
6170544461,"['1468-2893', '1072-4745']",340246,720,Unknown
617060860,['0309-0566'],440454,2858,Unknown
617065678,"['1757-0409', '1355-6509']",447869,598,Unknown
61707000,"['0265-0487', '1759-3948']",449234,1470,Unknown
61707093,['0265-1335'],442077,1114,Unknown
6170727104,"['1470-1081', '1353-8322']",446271,655,Unknown
6170728857,"['1466-4372', '1354-5701']",341000,884,Unknown
6170728982,"['1469-9583', '1354-571X']",443339,770,Unknown
6170851629,"['0264-2824', '1750-0206']",476483,428,Unknown
61708548,"['2044-8325', '0963-1798']",443443,1093,Unknown
61708573,"['1361-6609', '0963-6625']",446232,1396,Unknown
61708578,"['1467-8721', '0963-7214']",439662,1941,Unknown
6170860096,"['1743-8888', '1743-887X']",475085,159,Unknown
6170885956,"['1460-8545', '1468-2370']",441913,525,Unknown
6170986334,"['1600-0390', '0065-101X']",341321,254,Unknown
61801004758,"['1469-8706', '0963-9268']",447981,929,Unknown
618010074,"['0007-1315', '1468-4446']",438665,2787,Unknown
61801012639,"['1469-9907', '1460-8944']",445035,568,Unknown
61801255,"['1468-4233', '0301-0066']",340610,5247,Unknown
61801270648,"['1944-3927', '1944-3919']",485031,361,Unknown
61801336276,"['2056-4139', '0021-1214']",442170,736,Unknown
61801434823,['1570-8683'],436186,452,Unknown
61801480679,['2042-5937'],481470,89,True
61801719094,"['2052-9023', '2052-9015']",484189,230,Unknown
618019582,"['0269-8811', '1461-7285']",443625,3687,Unknown
61801979541,"['1465-3591', '1755-1730']",468971,325,Unknown
618022403,"['1467-9213', '0031-8094']",445734,2275,Unknown
61802397952,"['0391-9714', '1742-6316']",412562,433,Unknown
618024088,"['1099-1379', '0894-3796']",443466,2302,Unknown
61802415821,"['1354-6783', '1464-0708']",342842,570,Unknown
618024183,"['1466-4445', '1352-7266']",443257,750,Unknown
618024186,"['1469-9990', '1352-8165']",445649,1780,Unknown
61802751076,"['1472-4790', '1740-388X']",425409,667,Unknown
61802812284,"['0726-8602', '1469-2996']",438277,679,Unknown
618029920,['0005-7916'],340223,2967,Unknown
618030091,"['1477-2205', '1061-5806']",437881,1125,Unknown
618030114,"['1081-4159', '1465-7325']",442740,917,Unknown
61803125636,"['2044-0456', '1357-3217']",438629,443,Unknown
6180361991,"['1305-3299', '0896-6346']",476569,506,Unknown
618040017,"['1477-4631', '0027-4224']",444994,1144,Unknown
618040382,"['1478-1913', '0027-4909']",447632,1293,Unknown
6180416109,"['0963-7494', '1465-3974']",446385,634,Unknown
618043460,"['0075-4358', '1753-528X']",443699,1747,Unknown
6180469424,"['0022-3344', '1469-9605']",443480,835,Unknown
6180495734,"['2041-9015', '0965-9315']",484941,263,True
618050571,"['1470-1316', '1084-8770']",340138,1074,Unknown
6180573155,"['1368-0005', '1467-9612']",447348,290,Unknown
6180586871,"['1743-971X', '1350-1674']",440025,418,Unknown
61805945,"['1743-9140', '0022-0388']",342528,3209,Unknown
618061215,"['0309-1317', '1468-2427']",442058,2480,Unknown
618061247,"['1477-0288', '0309-1325']",342134,2673,Unknown
618061294,"['1464-5327', '0144-1647']",447874,1252,Unknown
6180613273,['0021-9657'],481596,344,Unknown
618061353,"['1469-5820', '0144-3410']",440097,1851,Unknown
618061358,['0144-3577'],441958,2006,Unknown
6180634502,"['2515-1088', '2515-1096']",494114,130,Unknown
6180649977,"['1749-4001', '0034-4893']",477013,926,Unknown
618067395,"['1355-770X', '1469-4395']",340867,810,Unknown
618067539,"['1355-7718', '1469-8153']",445475,670,Unknown
6180721336,"['0040-4969', '1743-2952']",447449,486,Unknown
61807290,"['0141-7789', '1466-4380']",440621,1650,Unknown
61807402,"['0141-9870', '1466-4356']",340584,3311,Unknown
6180767761,"['0952-6757', '1469-8188']",445757,586,Unknown
61901039669,"['1470-1286', '1047-6210']",447384,903,Unknown
61901044142,"['1076-9242', '1099-0909']",440000,572,Unknown
61901118264,"['1463-1180', '1751-3812']",478842,205,Unknown
61901276678,['2042-1168'],476949,277,Unknown
61901314,"['0747-4938', '1532-4168']",440047,1144,Unknown
61901436734,"['1478-0895', '1478-0887']",471149,521,Unknown
61901486221,"['2044-1983', '2044-3706']",479581,160,Unknown
61901791575,"['1754-0194', '1754-0208']",471803,401,Unknown
61901791804,"['1754-0747', '1754-0739']",476815,805,Unknown
61901944076,"['0081-6477', '2397-4532']",481816,104,Unknown
619020617,"['0888-4080', '1099-0720']",413494,2726,Unknown
61902081570,"['1745-9214', '0078-7191']",445520,220,Unknown
61902081836,"['0079-1636', '1467-968X']",447847,816,Unknown
61902083162,['2048-0792'],483608,121,True
61902083325,"['2048-4194', '1463-1725']",484932,203,True
61902093231,"['2052-6709', '2052-6695']",490335,36,Unknown
619022036,['0143-7739'],444350,1490,Unknown
619022136,"['1468-2346', '0020-5850']",342534,3603,Unknown
619022209,"['0020-5893', '1471-6895']",441700,2587,Unknown
61902248430,['2515-2289'],494119,156,True
619023463,['0959-4388'],342838,3736,Unknown
619023550,['0959-6119'],441807,2312,Unknown
619023565,['0007-070X'],340025,3389,Unknown
619023617,"['0007-0882', '1464-3537']",438637,2437,Unknown
619023665,"['0007-0874', '1474-001X']",438636,1285,Unknown
619026323,"['0031-8191', '1469-817X']",445739,2325,Unknown
619026396,"['1469-9923', '1356-3467']",342781,1059,Unknown
619026404,"['1356-7500', '1365-2206']",439024,1499,Unknown
619026442,"['1600-0447', '0001-690X']",342812,11000,Unknown
61902665661,"['1741-8992', '1741-8984']",473468,372,Unknown
619027660,"['0268-0513', '1469-9958']",445416,914,Unknown
619029377,"['1469-9311', '0959-6410']",340888,726,Unknown
619029383,"['1469-9699', '1461-670X']",444136,1581,Unknown
619029394,"['1470-1847', '1469-9524']",443080,348,Unknown
619029398,"['2163-2049', '1053-8372', '1042-7716', '1469-9656']",486042,1129,Unknown
61903085745,"['0907-676X', '1747-6623']",445671,957,Unknown
619032445,"['0163-4437', '1460-3675']",340413,2306,Unknown
619035383,"['0033-2917', '1469-8978']",341159,8438,Unknown
619036534,"['1476-7392', '1606-6359']",437277,1171,Unknown
619038007,"['1743-0445', '1743-0437']",434331,1849,Unknown
619039444,"['0017-257X', '1477-7053']",343192,1590,Unknown
6190395102,"['0073-2753', '1753-8564']",441212,889,Unknown
61905323,"['1469-7777', '0022-278X']",341434,1731,Unknown
619053273,"['1467-8284', '0003-2638']",437666,3263,Unknown
6190567914,"['0158-7919', '1475-0198']",439940,948,Unknown
619057938,['1363-5387'],476369,514,True
6190664314,"['1573-1804', '0957-7572']",442040,996,Unknown
619068635,"['0885-6222', '1099-1077']",343368,2389,Unknown
61907214,"['1469-7637', '0022-0469']",426353,1453,Unknown
6190773178,"['1475-5297', '0952-8822']",447757,907,Unknown
6190937293,"['1475-6757', '0013-8312']",440251,666,Unknown
6190961602,"['1744-6406', '0031-8019']",445724,555,Unknown
6201025318,"['1469-9893', '1461-3808']",444996,728,Unknown
6201025430,"['1461-4103', '1749-6314']",468704,644,Unknown
6201031048,"['0307-8833', '1474-0672']",447717,786,Unknown
6201056029,"['1560-4624', '1741-5055']",469801,483,Unknown
62011697,"['0261-9768', '1469-5928']",340024,1100,Unknown
6201174,"['1355-6177', '1469-7661']",342578,2503,Unknown
62011759,"['1460-2229', '0263-2136']",340461,3740,Unknown
6201222,"['1474-0591', '1356-1863']",483076,1361,Unknown
62012951,"['0034-6586', '1475-4991']",341871,1807,Unknown
6201307,"['1356-2517', '1470-1294']",447385,1604,Unknown
6201345664,"['1474-6719', '1474-6700']",447724,323,Unknown
6201373322,"['1745-8927', '1745-8935']",475060,422,Unknown
62014345,"['1470-1278', '1354-0602']",447379,1091,Unknown
62014414,"['1468-3156', '1354-4187']",438651,1074,Unknown
62015419,"['1467-954X', '0038-0261']",447037,3309,Unknown
62015527,"['0038-0385', '1469-8684']",416429,3035,Unknown
6201593628,"['1757-1952', '1757-1960']",476737,87,Unknown
6201601376,"['0008-199X', '1471-6836']",438802,248,Unknown
6201768740,"['1750-3183', '1750-3175']",487025,267,Unknown
6201837453,"['1030-0112', '1833-6914']",485584,533,Unknown
6201849089,"['1475-3820', '1478-3428']",438721,311,Unknown
6202142783,"['1745-5286', '0951-8207']",442318,175,Unknown
6202239858,"['2049-8470', '2049-8489']",479807,491,Unknown
6202239903,"['2049-8608', '2049-8675']",487489,233,Unknown
6202465036,['2515-0251'],491721,12,Unknown
62025613,"['1363-4607', '1461-7382']",416744,1306,Unknown
6202735,"['1034-912X', '1465-346X']",441821,1241,Unknown
6202777,"['1035-0772', '2049-7776']",485583,1055,Unknown
6202789227,"['2040-199X', '1751-7974']",470387,285,Unknown
620287759,"['1466-4208', '1747-7506']",439679,554,Unknown
62030336,"['0020-8590', '1469-512X']",442110,1290,Unknown
62030371,"['1468-2478', '0020-8833']",343195,2028,Unknown
62032967,"['0031-2746', '1477-464X']",445606,1855,Unknown
62033146,"['0031-3831', '1470-1170']",343595,1507,Unknown
620336537,"['1478-7431', '0022-0620']",442797,636,Unknown
6203561304,"['0141-0423', '1467-9817']",443688,950,Unknown
62036131,"['1741-3109', '1468-7941']",446264,1056,Unknown
62036167,"['1471-9037', '1471-9045']",425072,1378,Unknown
62040288,"['0039-3630', '2047-0584']",447256,3605,Unknown
620422716,"['1386-9795', '1741-5918']",445726,556,Unknown
62050349,"['1470-3610', '1352-7258']",441470,1221,Unknown
620545285,"['0266-7177', '1468-0025']",444906,645,Unknown
62060156,"['1467-9655', '1359-0987']",443976,1546,Unknown
62061430,"['0022-2267', '1469-7742']",443210,1714,Unknown
620655399,"['1751-1917', '1751-1925']",470613,191,Unknown
620697035,"['1752-7074', '1752-7066']",478574,181,Unknown
620733975,"['1757-0263', '0301-7257']",451461,175,Unknown
620774851,"['2043-0698', '2043-068X']",477529,18,Unknown
620774869,"['2043-071X', '2043-0701']",487015,59,Unknown
620774962,"['2043-1023', '2043-1015']",486951,26,Unknown
620912961,"['1744-9642', '1744-9650']",475495,411,Unknown
620913027,"['1744-9855', '1744-9863']",451810,816,Unknown
620978796,"['0829-2922', '1747-5414']",483998,98,Unknown
620993958,"['1747-5066', '0962-0214']",442122,625,Unknown
621010005,"['1477-0911', '0959-6836']",343675,3363,Unknown
62101027228,"['1470-2266', '1471-0374']",436321,665,Unknown
62101083933,"['1753-643X', '1753-6421']",486843,156,Unknown
621013608,['0742-051X'],429124,3813,Unknown
621013747,"['0952-3367', '1743-9035']",340022,2111,Unknown
621013767,"['0952-3383', '1467-8578']",438666,1198,Unknown
621013837,"['1469-8714', '0952-5238']",341800,1985,Unknown
621013855,['0952-6862'],474814,1285,Unknown
62101618944,"['1752-4512', '1752-4520']",477337,913,Unknown
62101629488,"['1468-3857', '1743-9639']",443768,689,Unknown
621016701,"['1468-2842', '0007-0904']",341993,1340,Unknown
62101693989,"['0066-4774', '2056-8819']",437866,404,Unknown
62101785898,"['1754-1476', '1754-1484']",477752,256,Unknown
62101801239,"['1367-0069', '1756-6878']",441769,945,Unknown
62101805966,['2204-2482'],504672,38,True
62101806187,['2205-2062'],504104,116,True
621018227,"['1467-9396', '0965-7576']",340261,1620,Unknown
621018235,"['0965-8211', '1464-0686']",413502,2113,Unknown
62101866556,"['0039-3193', '1467-9582']",340656,703,Unknown
62101991066,"['2050-1706', '2050-1714']",487443,127,Unknown
6210205194,"['0966-9760', '1469-8463']",441823,807,Unknown
621020687,"['1470-1324', '1360-144X']",441730,704,Unknown
62102082775,['2515-8279'],504673,27,True
621020836,"['1470-3297', '1470-3300']",441638,1118,Unknown
621020861,"['0957-9664', '1471-2857']",438921,1073,Unknown
62102089295,"['2052-7764', '2052-7772']",490750,229,Unknown
621020917,"['1468-4470', '1461-6742']",441717,879,Unknown
621020922,"['0963-8180', '1468-4497']",339799,1175,Unknown
621020941,"['1047-482X', '1099-1212']",441963,2009,Unknown
62102222190,"['1470-1189', '0950-5431']",340787,891,Unknown
62102241289,"['2515-3870', '2515-3889']",499466,11,Unknown
621022424,"['1752-2706', '0039-6265']",447319,1545,Unknown
6210227190,"['2051-4549', '2051-4530']",484907,25,Unknown
6210227212,"['2051-4891', '2051-4883']",487001,54,Unknown
6210227238,"['0263-5232', '2051-5367', '2051-5375']",487053,398,Unknown
621023884,"['2044-8309', '0144-6665']",341449,1762,Unknown
621025431,"['1460-3578', '0022-3433']",339805,2259,Unknown
62102654470,"['1742-058X', '1742-0598']",468529,477,Unknown
62102781066,"['1757-1928', '1757-191X']",476358,188,Unknown
6210297214,['1759-6599'],484790,321,Unknown
621031278,"['0008-8994', '1600-0498']",438947,1058,Unknown
621032673,"['1471-0048', '1471-003X']",425568,4324,Unknown
6210326937,"['1359-866X', '1469-2945']",438165,721,Unknown
621034079,"['0017-3835', '1477-4550']",441010,1279,Unknown
621035831,"['1469-901X', '0034-4125']",446389,1618,Unknown
621036039,"['1467-9450', '0036-5564']",341840,3097,Unknown
621037465,"['1470-109X', '1361-3324']",446305,929,Unknown
621043683,"['1469-8676', '0964-0282']",343478,1188,True
6210576681,"['1041-2573', '1753-3074']",451878,529,Unknown
621065960,"['1469-591X', '0885-6257']",340032,1195,Unknown
621066107,['1066-2243'],442140,1156,Unknown
6210732747,['0968-4883'],341675,602,Unknown
6210738149,"['1574-0781', '1574-0773']",484111,179,Unknown
6210803934,"['1478-8810', '1740-4649']",438204,477,Unknown
6210893940,"['0266-3554', '1477-089X']",440942,541,Unknown
621090971,"['2045-2918', '2045-290X']",478069,51,Unknown
621091610,"['2045-3825', '2045-3817']",477673,228,Unknown
622010075,['0960-0035'],441974,1174,Unknown
62201014169,"['2666-9730', '0960-2720']",482681,15,Unknown
62201056,"['1743-1301', '0031-0328']",445564,1324,Unknown
62201206683,"['1748-5819', '0740-770X']",470046,532,Unknown
62201290588,"['1741-6183', '0953-8208']",447996,851,Unknown
622014254,"['1740-3863', '0952-8733']",343541,1023,Unknown
622015585,"['0020-7144', '1744-5183']",441781,1720,Unknown
6220159994,"['0268-4160', '1469-218X']",439497,525,Unknown
62201629955,"['1741-3214', '1470-3572']",448061,569,Unknown
62201630054,"['1470-8477', '1747-759X']",444288,714,Unknown
622017424,"['0007-0955', '1464-3529']",343485,2708,Unknown
622017467,"['2044-8279', '0007-0998']",341461,3015,Unknown
622017543,"['1467-8535', '0007-1013']",438646,3001,Unknown
62201762018,"['1744-5515', '1574-0196']",476478,442,Unknown
62201826847,"['2047-7236', '0029-4586']",445285,250,Unknown
62201836232,"['1749-4907', '1749-4915']",470894,227,Unknown
62201846921,"['2046-6706', '2046-6692']",486252,125,Unknown
62201847054,"['2046-7435', '2046-7443']",477670,338,Unknown
622019292,['0022-3956'],340856,6210,Unknown
62202073773,"['1745-8137', '0079-4236']",475068,620,Unknown
622020871,"['1234-981X', '1474-0575', '1062-7987']",342092,1193,Unknown
62202174012,"['1057-3569', '1521-0693']",446345,798,Unknown
62202202012,"['1461-7110', '0265-6914']",440410,550,Unknown
62202414266,"['1355-2074', '1364-9221']",440842,900,Unknown
62202417611,"['2326-8743', '2326-8751']",480635,350,Unknown
62202446155,"['1365-4802', '1475-7583']",468595,488,Unknown
622025343,"['0263-2764', '1460-3616']",447745,2223,Unknown
622026490,"['1741-2773', '1464-7001']",440623,583,Unknown
622026612,"['1461-7013', '0907-5682']",340457,980,Unknown
62202777343,"['1755-7747', '1755-7739']",475541,364,Unknown
622027982,"['0025-7273', '2048-8343']",444708,1896,Unknown
622029393,['0278-4165'],343636,1223,Unknown
62203084524,"['1468-0343', '0954-1985']",421889,593,Unknown
62203301073,"['1745-011X', '1745-0101']",470007,718,Unknown
62203327782,"['0022-4227', '1467-9809']",342223,682,Unknown
62203338303,"['2053-888X', '0966-0356']",484015,775,Unknown
622036167,"['1469-9362', '1361-7672']",442485,790,Unknown
6220411073,"['0141-6790', '1467-8365']",438098,907,Unknown
6220550437,"['0959-7743', '1474-0540']",438798,880,Unknown
62205528,"['1745-3984', '0022-0655']",442803,1608,Unknown
6220555483,"['2047-1025', '2047-1033']",485604,296,Unknown
6220628860,"['1743-7997', '1361-9462']",439475,680,Unknown
6220629009,"['1752-2307', '1362-024X']",483762,76,Unknown
6220733039,"['1474-0052', '0968-5650']",440662,351,Unknown
6220750730,"['1470-1308', '0950-236X']",416348,875,Unknown
6220766320,"['2042-7832', '2042-7824']",476982,47,Unknown
6220766359,"['2042-7905', '2042-7891']",476687,160,Unknown
6220766404,"['2042-7913', '2042-7921']",477661,188,Unknown
6220821520,"['1744-0564', '0144-0365']",443198,448,Unknown
6220824276,"['1476-8062', '1476-8070']",441757,760,Unknown
6220829944,['1366-5626'],436085,795,Unknown
6220898977,"['0266-5433', '1466-4518']",445848,926,Unknown
6230101797,"['1741-0819', '2405-5093']",470574,82,Unknown
6230104515,"['2049-6710', '1059-440X']",485785,241,Unknown
62301089391,"['1742-2906', '1743-1662']",469861,130,Unknown
62301109898,"['1468-2400', '1463-1652']",442038,288,Unknown
623012761,"['0143-005X', '1470-2738']",341737,7297,Unknown
623012865,"['0143-0343', '1461-7374']",341125,1419,Unknown
62301334588,"['1474-9475', '1750-0125']",484094,155,Unknown
623014133,"['1467-8683', '0964-8410']",439531,1221,Unknown
623014165,"['1468-2389', '0965-075X']",426559,1010,Unknown
623014200,"['1360-0443', '0965-2140']",341947,11872,Unknown
62301437285,"['1478-1700', '1751-2921']",471870,407,Unknown
62301500417,"['2043-7897', '2326-9995']",476909,668,Unknown
62301500530,"['2043-8214', '2043-8206']",478609,833,Unknown
623015308,"['1475-7575', '0300-4279']",471814,1556,Unknown
623015315,"['0300-4430', '1476-8275']",440005,4251,Unknown
62301729103,"['1477-5700', '1741-2676']",439305,419,Unknown
62301773291,['2331-1983'],485377,463,True
62301790523,"['2397-883X', '2397-8821']",491384,217,Unknown
62301803186,"['1468-2362', '1367-0271']",441718,472,Unknown
623018318,"['0361-073X', '1096-4657']",415410,1409,Unknown
623018334,"['0739-9332', '1096-4665']",341081,2293,Unknown
62301843509,"['1749-5687', '1749-5679']",470910,487,Unknown
62301844287,"['1749-5032', '1755-1676']",474731,240,Unknown
62301886595,"['2634-7636', '2634-7644']",503944,1,Unknown
62301896310,"['1947-5039', '1947-5020']",477418,172,Unknown
62302002276,"['0082-2884', '2040-8706']",478837,258,Unknown
623020149,"['0007-1005', '1467-8527']",438645,1566,Unknown
623020192,"['1467-8543', '0007-1080']",438650,1707,Unknown
623020237,"['2044-8317', '0007-1102']",438653,1304,Unknown
62302071721,"['1751-4193', '1751-4207']",474953,72,Unknown
6230230542,"['2051-5553', '2051-5561']",485263,157,Unknown
623024265,"['1464-5092', '1360-3124']",441904,976,Unknown
623024269,"['1464-519X', '0260-1370']",441909,1484,Unknown
623024295,"['0020-739X', '1464-5211']",441925,4197,Unknown
62302452,"['1469-3526', '0960-8788']",438635,1077,Unknown
623025653,['0040-0912'],440076,1876,Unknown
62302651648,"['2633-2922', '2633-2930']",503943,7,Unknown
623027247,"['1461-7005', '1362-3613']",438299,1959,Unknown
62302740784,"['1745-817X', '0076-6097']",340242,585,Unknown
62302758321,"['2044-0146', '2044-0138']",480192,227,Unknown
62302758359,"['2044-0251', '2044-0243']",483650,174,Unknown
623028558,"['1401-5439', '1651-2022']",341953,666,Unknown
623028583,"['1460-3659', '0306-3127']",341858,1786,Unknown
6230302563,"['1759-7196', '1759-7188']",479022,143,Unknown
62303071995,"['1573-1936', '1358-3883']",447432,685,Unknown
623031944,['0278-4319'],441873,3257,Unknown
6230500447,"['2050-4845', '2050-4837']",487028,78,Unknown
623052934,['0028-3932'],343512,10080,Unknown
6230578485,"['1368-2679', '1758-9142']",483086,256,Unknown
6230645450,"['1545-5920', '0894-9468']",448059,763,Unknown
6230716735,"['2040-3240', '2040-3232']",476973,113,Unknown
6230716770,"['2040-3283', '2040-3275']",486833,109,Unknown
6230716857,"['2040-350X', '2040-3518']",489739,221,Unknown
6230903861,"['1744-9219', '1744-9200']",470230,429,Unknown
6240112184,"['1469-2171', '0960-7773']",439481,828,Unknown
62401151854,['2056-6700'],487637,291,True
62401209,"['1467-9507', '0961-205X']",446994,1330,Unknown
62401221238,"['1945-2330', '0197-1360']",443860,723,Unknown
62401240760,"['1368-8804', '1469-9729']",444697,615,Unknown
62401302338,"['2048-7827', '1547-402X']",484109,112,Unknown
62401312534,"['1758-6631', '0020-8582']",442104,947,Unknown
62401321679,"['1751-7419', '1362-704X']",451775,739,Unknown
62401321847,"['1362-7937', '2050-456X']",440992,359,Unknown
62401342039,"['1745-7823', '1745-7831']",470548,439,Unknown
62401388269,"['1756-493X', '1756-4921']",487031,81,Unknown
624014157,"['1057-2414', '1095-9270']",447578,1618,Unknown
62401432191,"['2516-6298', '2516-6301']",496932,105,Unknown
62401444212,"['1743-0615', '1743-0623']",470925,93,Unknown
62401444393,"['1740-7125', '1743-1638']",480212,67,Unknown
62401444442,"['0952-7648', '1743-1700']",468623,322,Unknown
62401448011,['1470-9120'],474357,91,True
62401479569,"['2043-8567', '2043-8575']",484974,59,Unknown
624015354,"['1744-4136', '0929-7049']",439033,1098,Unknown
62401610994,"['1752-6272', '1752-6280']",476938,386,Unknown
62401657974,"['0334-4355', '2040-4786']",482184,786,Unknown
62401690293,"['1651-2316', '1650-6073']",439222,651,Unknown
624017057,"['0007-1234', '1469-2112']",343221,1808,Unknown
62401719701,['1477-7266'],443030,1000,Unknown
62401758074,"['1946-3014', '1946-3022']",480841,227,Unknown
62402020428,"['2044-0014', '0075-4390']",444002,972,Unknown
62402065596,"['1751-4517', '1751-4525']",471936,262,Unknown
624023089,"['0142-159X', '1466-187X']",444721,6049,Unknown
624023288,['0142-5455'],449614,1381,Unknown
624023298,"['0142-5692', '1465-3346']",422307,1926,Unknown
62402372422,"['1940-8412', '0305-7267']",447276,434,Unknown
62402380250,"['1746-1987', '1746-1979']",470865,326,Unknown
624024565,"['1461-7226', '0020-8523']",341294,1727,Unknown
6240255785,['1746-5729'],487794,542,Unknown
624025915,"['1461-7129', '0959-6801']",440446,579,Unknown
624025980,"['1059-7123', '1741-2633']",437275,805,Unknown
62402626662,"['1755-1714', '1743-4521']",484903,491,Unknown
62402657039,['1757-5818'],476664,540,Unknown
6240290483,"['1759-7536', '1759-7544']",484918,167,Unknown
6240295222,"['1476-7724', '1476-7732']",440981,749,Unknown
6240338992,"['2044-2394', '1369-4154']",444158,533,Unknown
624034532,"['0041-977X', '1474-0699']",339888,2390,Unknown
624039412,['0887-6045'],443724,1374,Unknown
62404077,"['1476-0835', '0007-1129', '2044-8341']",446200,2815,Unknown
624044625,"['1469-8145', '0028-6885']",340478,2081,Unknown
6240487356,['2050-5833'],480616,140,True
624049290,['0145-2134'],341056,5890,Unknown
624051582,"['0027-7738', '1756-2279']",445024,1031,True
624051648,"['1748-121X', '0261-3875']",493447,1079,Unknown
624051673,"['0261-510X', '2044-835X']",343162,1521,Unknown
62405601,"['1050-9585', '1740-4657']",440512,1089,Unknown
62405665,"['1469-9451', '1369-183X']",442882,3180,Unknown
6240619843,['1362-0436'],449483,845,Unknown
6240702208,"['2040-3666', '2040-3658']",478295,165,Unknown
6240702267,"['2040-3690', '2040-3682']",480810,78,Unknown
62407052,"['1467-971X', '0883-2919']",448187,1577,Unknown
62407124,"['1532-4796', '0883-6612']",425995,2160,Unknown
62407133,"['1099-1255', '0883-7252']",442414,1791,Unknown
6240892716,"['0965-8416', '1747-7565']",444291,612,Unknown
6240899606,"['0590-8876', '1749-6306']",451173,409,Unknown
6240939885,"['1356-9317', '1469-9613']",417780,410,Unknown
6240939993,"['1356-9325', '1469-9575']",443191,573,Unknown
62409673,"['0143-2095', '1097-0266']",340591,3148,Unknown
62409860,"['1469-3739', '0159-6306']",439916,1495,Unknown
6240990148,"['1468-0254', '0963-9462']",440010,374,Unknown
6240990280,"['0963-9489', '1469-9869']",444890,760,Unknown
6250116538,"['1474-0087', '0961-1371']",445846,194,Unknown
62501166560,"['2056-743X', '0081-1564']",470607,53,Unknown
62501458389,"['1528-0268', '1743-1735']",447659,162,Unknown
625014921,"['1366-2724', '1756-9923']",483085,59,Unknown
625015558,"['0022-0272', '1366-5839']",341945,1851,Unknown
625016739,"['1468-2648', '0305-7410']",439047,2591,Unknown
625016740,['0305-750X'],342504,7640,Unknown
625016773,['0305-7488'],443053,1456,Unknown
625016787,"['0305-764X', '1469-3577']",438799,1302,Unknown
625016821,"['1469-3623', '0305-7925']",436761,1577,Unknown
62501694349,['1758-972X'],489167,9,True
625017165,"['0021-857X', '1477-9552']",417129,2037,Unknown
62501746147,"['1743-9078', '0790-7184']",442175,660,Unknown
62501843020,"['1749-6977', '1749-6985']",475306,441,Unknown
62501902549,"['2634-3614', '2634-3622']",503939,9,Unknown
62501902555,"['2634-3630', '2634-3649']",503938,14,Unknown
6250198452,"['1474-0664', '0269-8897']",433105,794,Unknown
625020043,['0149-7189'],422802,2557,Unknown
62502032916,"['0003-9756', '1474-0583']",438031,1002,Unknown
62502076177,['2514-8362'],492972,66,True
62502110589,"['0570-6084', '2041-4102']",468692,179,Unknown
62502234502,"['2150-4857', '2150-4865']",476744,435,Unknown
625022875,"['1477-450X', '0142-6001']",437924,1454,Unknown
625024469,"['1461-703X', '0261-0183']",340594,1291,Unknown
62502478,"['0966-8136', '1465-3427']",340634,1991,Unknown
62502494,"['1468-0378', '0966-8373']",440474,1184,Unknown
62502499,"['1747-7646', '0966-9582']",443820,1856,Unknown
625025638,"['1354-0661', '1460-3713']",342825,822,Unknown
625025662,"['0021-9894', '1741-6442']",442635,1117,Unknown
625025714,"['1355-3259', '2044-8333']",421778,608,Unknown
62502634857,"['2047-9077', '0261-4294']",502881,845,Unknown
62502635002,"['1748-619X', '0261-4340']",471764,327,Unknown
62502676540,"['0075-1634', '1748-6181']",451955,417,Unknown
625027059,"['0032-3179', '1467-923X']",445920,2527,Unknown
625027241,"['0032-3217', '1467-9248']",433601,2689,Unknown
62502747612,['2044-1398'],503023,285,Unknown
62503062088,"['1358-684X', '1469-3585']",438964,767,Unknown
62503115695,"['2050-9804', '2050-9790']",486928,89,Unknown
62503115723,['2050-9863'],484936,51,True
6250316967,"['1752-1378', '1752-1386']",471170,468,Unknown
6250328107,"['1469-2104', '0265-0517']",438655,778,Unknown
62503293206,"['1745-0926', '1745-0918']",483408,528,Unknown
625032999,"['0013-0117', '1468-0289']",440058,3957,Unknown
625033069,"['0013-0133', '1468-0297']",341784,7502,Unknown
625034310,"['1109-4028', '1756-1108']",481085,1104,Unknown
625038101,"['0811-1146', '1476-7244']",447984,1095,Unknown
625039212,"['1747-0218', '1747-0226']",340720,2865,Unknown
625040471,"['0023-656X', '1469-9702']",444250,1412,Unknown
625040544,"['1756-6053', '0023-8309']",444290,1674,Unknown
625044781,['1815-347X'],473174,190,True
6250543088,['2399-6714'],497083,26,True
6250543106,['2399-7117'],504679,35,True
625055935,"['2041-6962', '0038-4283']",447678,1493,Unknown
6250709411,"['2040-4352', '2040-4344']",476974,129,Unknown
6250709448,"['2040-4417', '2040-4425']",478705,93,Unknown
625088357,"['2045-4821', '2045-4813']",477842,178,Unknown
625088399,['2045-5224'],493578,50,True
625088495,"['2045-5844', '2045-5836']",486858,66,Unknown
625088527,"['2045-5852', '2045-5860']",487034,67,Unknown
625088558,['2045-5879'],487040,136,Unknown
625088595,"['2045-5895', '2045-5909']",480011,117,Unknown
625088641,"['2045-6298', '2045-6301']",477018,37,Unknown
6250941128,"['1469-8382', '1363-9811']",441559,456,Unknown
6250941266,"['1364-0429', '2049-4572']",450868,72,True
6250951560,"['1356-9783', '1470-112X']",446424,881,Unknown
6250977943,"['2045-239X', '0068-2462']",445577,764,Unknown
62601057427,"['1467-2235', '1467-2227']",440257,1005,Unknown
62601125773,"['0022-5266', '1759-3999']",444039,508,Unknown
62601136380,"['1553-4529', '1553-4510']",470022,281,Unknown
62601301240,"['1474-0532', '0263-6751']",437694,485,Unknown
62601370748,"['0037-6795', '2222-4327']",413603,143,Unknown
62601430772,"['1756-5839', '1756-5847']",485197,123,Unknown
626015489,['1478-0542'],479850,1274,Unknown
62601625804,"['2050-4039', '2050-4047']",486905,55,Unknown
626016512,"['1744-7933', '0028-0836', '1476-4679', '1476-4687', '1465-7392']",422484,207581,Unknown
62601747003,['2513-8421'],494888,17,True
62601747059,['2513-9231'],500499,78,Unknown
62601759626,['1477-7487'],447317,590,True
62601783717,"['1750-2241', '1755-1684']",477631,301,Unknown
626019725,"['1367-6261', '1469-9680']",339774,1390,Unknown
626019745,"['1368-2822', '1460-6984']",441903,2257,Unknown
626019774,"['1368-3500', '1747-7603']",439680,2072,Unknown
626021187,['0732-118X'],445184,1138,Unknown
62602145237,"['2041-952X', '2041-9511']",476602,69,Unknown
626024536,['0272-4944'],340755,2081,Unknown
626025688,"['1469-1841', '1366-7289']",438401,1244,Unknown
626025745,"['1359-432X', '1464-0643']",440491,1147,Unknown
62602659017,"['1743-5234', '2040-090X']",477526,341,Unknown
62602814992,"['1759-7633', '0737-5034']",478836,123,Unknown
62603067596,"['0264-3758', '1468-5930']",442427,944,Unknown
6260310728,"['1573-692X', '1572-3097']",451216,881,Unknown
6260312366,"['1946-7842', '1529-9104']",478843,66,Unknown
626033882,"['0009-8388', '1471-6844']",439116,3889,Unknown
6260343652,"['1360-080X', '1469-9508']",443051,908,Unknown
626036701,"['0951-6298', '1460-3667']",341606,792,Unknown
626041652,"['1366-5847', '0014-0139']",340471,6562,Unknown
626044468,"['1752-0606', '0194-472X']",443254,2149,Unknown
626047153,['0271-5309'],444283,1224,Unknown
626048708,"['1466-4461', '1366-9877']",443696,1628,Unknown
626048711,"['1747-7522', '1367-0050']",441768,1488,Unknown
626048716,"['1367-0751', '1368-9894']",444477,1210,Unknown
626048736,['1367-3270'],443181,1674,Unknown
626049971,"['1499-2027', '1708-8186']",441763,3737,Unknown
6260589073,"['1368-423X', '1368-4221']",440049,596,Unknown
6260668194,['1751-1348'],477640,463,Unknown
6260671898,"['0957-4239', '1474-0524']",437977,240,Unknown
62607207,"['1469-5766', '0308-5147']",440068,1252,Unknown
62607331,"['0308-6534', '1743-9329']",443088,1193,Unknown
6260740190,"['2055-5695', '2055-5709']",499413,66,Unknown
626075836,"['0265-2897', '1747-9681']",483978,141,Unknown
626076520,['1747-9991'],475513,1194,Unknown
626076579,['0885-2014'],439224,1436,Unknown
626076583,['0885-2308'],439405,1337,Unknown
626077760,"['0092-623X', '1521-0715']",443726,1843,Unknown
6260784644,"['2042-793X', '2042-7948']",478303,69,Unknown
6260784669,"['2042-8022', '2042-8030']",485803,47,Unknown
6260784800,"['2042-8863', '2042-8855']",479694,71,Unknown
626081163,['1355-8250'],442680,51,Unknown
626081172,"['1745-5170', '1355-8358']",484074,361,Unknown
6260847939,"['1756-9370', '1756-9389']",484557,227,Unknown
6260875216,"['0260-6755', '1947-248X']",482111,290,Unknown
6260901329,"['0954-8890', '1755-1609']",452217,171,Unknown
6260922180,"['1750-8495', '1750-8487']",487612,459,Unknown
6260979125,"['1460-3632', '1357-034X']",438586,664,Unknown
6301012332,"['1350-7486', '1469-8293']",440508,895,Unknown
6301012486,"['1755-1641', '1350-7524']",478348,96,Unknown
6301184425,"['1741-3052', '1473-0952']",434681,510,Unknown
63013403,['0969-6989'],443692,2831,Unknown
6301341611,['1474-7049'],440545,848,True
6301350410,"['1364-2626', '1363-2434']",446769,790,Unknown
6301371045,"['1746-0263', '1746-0271']",483409,336,Unknown
63014553,"['1469-8129', '1354-5078']",414971,1218,Unknown
6301505697,"['1758-0854', '1758-0846']",476341,441,Unknown
6301590069,"['2515-6926', '2515-6918']",493967,190,Unknown
6301593880,"['1757-2460', '1757-2479']",485262,16,Unknown
6301593968,"['1757-269X', '1757-2681']",479629,158,Unknown
6301610145,"['2050-4306', '2050-4292']",491712,35,Unknown
6301693746,['2050-8794'],489442,259,Unknown
63017617,"['1746-8361', '0012-2017']",439875,1229,True
6301765762,"['1750-4562', '1750-4554']",491711,71,Unknown
6301861249,"['8756-6583', '1476-7937']",441224,429,Unknown
630193010,"['1479-277X', '1046-3283']",440511,305,Unknown
63022574,"['1360-4813', '1470-3629']",439102,1266,Unknown
63022581,"['1360-6441', '1467-9841']",443752,981,Unknown
63022586,"['1360-7863', '1364-6915']",437450,3248,Unknown
6302308058,"['2040-4697', '2040-4689']",479107,123,Unknown
6302308127,"['2040-512X', '2040-5111']",476935,96,Unknown
6302308159,"['2040-5677', '2040-5669']",485805,94,Unknown
6302308194,"['2040-5790', '2040-5804']",477730,737,Unknown
6302406825,"['0075-8914', '1756-3801']",481780,699,Unknown
630253656,"['1475-939X', '1747-5139']",447406,610,Unknown
6302627280,['2056-4880'],486581,224,Unknown
6302627329,['2056-4902'],489821,308,Unknown
63027361,"['1461-7048', '0921-3740']",439642,617,Unknown
63027410,"['1463-4996', '1741-2641']",437855,532,Unknown
63027424,"['1470-5931', '1741-301X']",444575,614,Unknown
6302770474,"['2052-3998', '2052-4005']",486949,176,Unknown
6303055773,"['2053-1796', '2053-1788']",485319,16,Unknown
6303055784,['2053-1915'],484629,1,Unknown
63031208,"['0021-0889', '2053-4744']",481582,1038,Unknown
6303156553,"['1570-5854', '1568-0258']",445680,373,Unknown
6303242035,"['1502-7716', '0346-8755']",341731,891,Unknown
63032641,"['1099-0984', '0890-2070']",412107,1334,Unknown
6303442795,"['0962-8770', '1467-8608']",438758,913,Unknown
63035104,['0016-3287'],341994,3888,Unknown
6303711208,"['0899-3408', '1744-5175']",439404,545,Unknown
63040399,['0039-3681'],447267,2131,Unknown
6304079,"['1758-5309', '0003-5815']",484363,1923,Unknown
6304115,"['0003-598X', '1745-1744']",340705,6224,Unknown
63046564,"['1465-3915', '0305-4985']",413838,1586,Unknown
63046613,"['0305-5698', '1465-3400']",440104,1570,Unknown
63046642,"['0305-5736', '1470-8442']",445903,1295,Unknown
63046653,"['1740-1720', '0305-6244']",446469,1742,Unknown
63046682,"['1465-3893', '0305-7070']",341401,1654,Unknown
63046713,"['0305-7240', '1465-3877']",443357,1388,Unknown
630519702,"['0306-5278', '2042-2717']",483979,143,Unknown
630556892,"['2332-0486', '0007-1773']",443895,898,Unknown
630665997,"['1472-4421', '0957-5146']",440015,831,Unknown
630687170,"['2052-4900', '2052-4919']",485196,93,Unknown
630838153,"['2516-1156', '2516-1164']",500623,44,Unknown
630905797,"['0266-0830', '1478-9833']",447279,551,Unknown
630942961,"['1943-8117', '0013-8398']",440253,597,Unknown
631025332,['2398-5992'],504678,11,True
632010166,"['1755-2273', '1755-2281']",471710,182,True
632016355,"['0929-8215', '1744-5027']",443405,716,Unknown
632018878,"['1757-0344', '1757-0352']",485468,134,Unknown
632018977,['1757-0972'],483740,248,Unknown
63209891,['1755-1560'],489168,95,True
633039091,"['1743-1727', '1462-2459']",480004,249,Unknown
633059888,"['1350-1771', '1748-8893', '1748-8885']",478477,383,Unknown
633059969,"['1748-8966', '1748-8958']",477514,675,Unknown
637018925,"['1757-1871', '1757-188X']",484930,146,Unknown
637018963,"['1757-1898', '1757-1901']",485804,174,Unknown
637037072,"['1756-381X', '0047-729X']",449266,321,Unknown
637048328,"['0269-7580', '2047-9433']",471117,520,Unknown
638030519,"['0749-4467', '1477-2256']",439487,967,Unknown
638035486,"['2398-4961', '0047-8105']",444962,414,Unknown
638043749,"['2042-1273', '1470-4994']",484093,174,Unknown
639034513,"['1752-2358', '1465-2609']",475627,116,Unknown
639041380,['0890-8389'],447500,915,Unknown
639044131,"['1470-594X', '1741-3060']",434954,379,Unknown
6401032267,"['1461-6688', '1470-1340']",447809,996,Unknown
6401041023,"['1353-2944', '1469-9877']",444895,636,Unknown
64010589,"['0969-725X', '1469-2899']",437687,1066,Unknown
6401160956,"['1932-0205', '2194-6078']",485295,273,Unknown
6401284482,"['2049-4459', '1362-1572']",483083,154,Unknown
6401434702,"['0021-8499', '1740-1909']",341229,991,Unknown
6401452174,"['1747-7573', '0790-8318']",444292,716,Unknown
6401633392,"['1467-9329', '0034-0006']",446337,770,Unknown
6401646553,"['1741-6124', '1749-6268']",478845,95,Unknown
6401711965,"['0430-8778', '1759-670X']",440714,334,Unknown
6401780341,"['1750-4813', '1750-4821']",471820,545,Unknown
6401798864,"['2732-5008', '2732-4990']",503942,3,Unknown
6401798883,['2732-5121'],500028,410,True
6401816420,"['1740-7133', '1743-1646']",470311,129,Unknown
6401816463,"['1740-7141', '1743-1654']",484891,134,Unknown
640207328,"['1745-5189', '0966-7350']",476410,402,Unknown
6402155712,"['0951-631X', '1477-4666']",446999,1002,Unknown
6402159353,"['1743-940X', '0951-8967']",444735,411,Unknown
6402160757,"['1467-9337', '0952-1917']",446336,904,Unknown
6402295843,"['2631-6900', '2631-6897']",496521,78,Unknown
6402308589,"['1744-5523', '1744-5531']",478083,577,Unknown
6402422348,"['2041-5370', '0076-0730']",438738,737,Unknown
6402531588,"['2041-3599', '1871-7691']",477335,33,Unknown
6402531628,"['2041-3866', '2041-3874']",478588,176,Unknown
6402614467,"['0950-3846', '1477-4577']",441908,599,Unknown
640264363,"['0308-275X', '1460-3721']",439610,902,Unknown
6402776754,"['2052-417X', '2052-4188']",480609,30,Unknown
6402843317,"['1750-0133', '1355-5502']",484440,467,Unknown
64028895,"['1461-7323', '1350-5084']",445477,1523,Unknown
64030235,"['0332-5865', '1502-4717']",343546,518,Unknown
64034320,"['1753-8556', '0021-8286']",481595,1146,Unknown
6403530390,"['0269-0403', '1471-6933']",443980,423,Unknown
640417635,"['2054-1988', '2054-1996']",488305,90,Unknown
640417667,['2054-2232'],485585,26,Unknown
640417673,['2054-2240'],490274,42,True
640419217,['0963-2719'],340324,811,Unknown
64042018,"['0951-8398', '1366-5898']",446253,1863,Unknown
64042021,"['0952-1895', '1468-0491']",340165,1195,Unknown
64043592,['0272-7757'],343183,2314,Unknown
640460395,['1754-2413'],476819,584,Unknown
64050630,"['0068-113X', '1753-5352']",484384,1093,Unknown
64050631,"['0068-2454', '2045-2403']",437815,1291,Unknown
64050669,['0048-3486'],445667,1901,Unknown
64052554,"['0032-4728', '1477-4747']",343271,2740,Unknown
640587637,"['1742-7150', '1742-7169']",469993,574,Unknown
64059700,"['1464-5076', '0269-9206']",439164,1697,Unknown
64059737,"['1467-8519', '0269-9702']",438431,1729,Unknown
64059747,"['1464-0600', '0269-9931']",430159,2680,Unknown
64064615,"['0022-2380', '1467-6486']",343172,2475,Unknown
64064783,"['1741-3737', '0022-2445']",341098,4975,Unknown
64069550,"['0197-7261', '2051-6185']",481965,559,Unknown
640777921,"['1075-2196', '1099-0763']",437990,685,Unknown
640817550,"['1475-147X', '1475-1461']",470815,751,Unknown
640830129,"['1469-7815', '0143-814X']",443636,772,Unknown
640840501,"['1359-1355', '1474-0516']",438068,347,Unknown
640961072,"['1363-6820', '1747-5090']",444096,978,Unknown
640985752,"['1747-6321', '1747-633X']",476393,274,Unknown
640999891,"['1360-3736', '1468-2419']",442054,558,Unknown
643037927,"['1472-3808', '2167-4027']",483209,112,Unknown
644047106,"['0269-8595', '1469-9281']",442123,712,Unknown
646013626,"['1476-9948', '1743-1670']",484095,290,Unknown
646020823,"['2059-9773', '1359-4575']",438656,300,Unknown
646044385,"['1474-0559', '0261-1279']",440013,258,Unknown
646044425,"['1474-0095', '0261-1430']",342114,1011,Unknown
646066418,"['0954-5867', '1474-0621']",438801,426,Unknown
648013874,"['1755-1196', '1477-1756']",486032,300,Unknown
6501002919,"['1360-6743', '1469-4379']",440249,649,Unknown
6501018992,"['0735-0198', '1532-7981']",446639,797,Unknown
6501027673,"['0964-4008', '1743-8993']",440946,916,Unknown
65010599,"['0269-994X', '1464-0597']",437959,1794,Unknown
6501105719,"['1750-0117', '1742-3600']",481414,621,Unknown
6501139417,"['0142-064X', '1745-5294']",343283,725,Unknown
650116638,"['1747-583X', '0961-2025']",427612,908,Unknown
6501369398,"['1062-4740', '2047-6930']",480432,154,True
65014703,['0277-5395'],448170,2477,Unknown
6501678351,['2398-8819'],495174,65,True
6501682164,"['1949-6540', '0707-5332']",342945,898,Unknown
65017321,"['1467-9620', '0161-4681']",447380,4011,Unknown
6501850826,"['1743-9884', '1743-9892']",442804,588,Unknown
6501857620,['2632-279X'],503850,84,True
65020227,"['1477-4534', '0013-8266']",440248,3172,Unknown
6502220473,"['1542-7633', '1387-5868']",447118,339,Unknown
6502245681,"['1746-8477', '1746-8485']",474707,315,Unknown
65022823,"['0952-9136', '1099-0852']",341053,1315,Unknown
6502318443,['2040-7149'],476565,696,Unknown
6502389007,"['2308-0906', '2308-0914']",491256,160,True
65025131,"['1460-3551', '1367-5494']",341525,1043,Unknown
65025150,"['1741-2722', '1461-9571']",440415,951,Unknown
65025218,"['0952-6951', '1461-720X']",441215,1153,Unknown
6502524236,"['2041-4692', '2041-4684']",490890,44,Unknown
6502623660,"['2049-3029', '2049-3010']",480746,93,Unknown
6502631082,"['2056-564X', '2056-5658']",491716,38,Unknown
6502631099,"['2056-5682', '2056-5674']",503940,4,Unknown
65028110,"['1058-4609', '1091-7675']",445919,1165,Unknown
65029306,"['1477-4569', '1363-3554']",441217,1156,Unknown
65030534,"['0021-8308', '1468-5914']",343590,1119,Unknown
65030639,"['1469-5138', '0021-8537']",442351,1666,Unknown
6503089513,"['1757-6822', '1757-6830']",493221,132,Unknown
6503147501,"['0929-6174', '1744-5035']",443647,533,Unknown
6503308476,"['1740-3898', '1384-5748']",341391,922,Unknown
6503480305,"['0144-5340', '1464-5149']",441200,700,Unknown
6503534985,"['0269-1191', '1477-4542']",440783,533,Unknown
6504126,"['1464-5300', '1364-5579']",442022,1053,Unknown
65050584,"['1753-2167', '0957-1736']",444295,1026,Unknown
65051709,"['1467-6451', '0022-1821']",443091,1650,Unknown
650522272,"['1749-625X', '0307-0131']",438768,446,Unknown
650538585,"['1357-4175', '1752-0738']",484075,140,Unknown
650538713,"['1357-4809', '1469-9664']",444056,860,Unknown
65056787,"['0305-7356', '1741-3087']",446207,1470,Unknown
65060117,"['1352-4658', '1469-1833']",438360,1570,Unknown
650658942,"['1751-2689', '1751-2697']",485244,130,Unknown
650679716,"['0015-8518', '1471-6860']",440761,535,Unknown
650687038,['2052-5397'],487750,125,True
650763891,"['0950-3110', '1473-348X']",437517,222,Unknown
650823584,['1475-1585'],442851,821,Unknown
650908074,"['0266-2671', '1474-0028']",432940,887,Unknown
650941552,['2055-0472'],486045,159,True
651047560,"['0959-3683', '1749-6284']",478828,250,Unknown
652030197,"['0263-9904', '1745-8153']",451604,417,Unknown
652069068,"['1477-8564', '0954-6650']",443925,343,Unknown
66010032,"['1473-4257', '0306-6800']",443302,5362,Unknown
6601026903,"['1758-9118', '1466-0407']",474914,196,Unknown
6601149069,"['0967-2559', '1466-4542']",441972,848,Unknown
6601246253,"['1477-2612', '0275-7206']",430140,840,Unknown
6601279917,"['1740-2859', '1740-2867']",476615,92,Unknown
66012912,"['1744-5019', '0360-5310']",341529,1630,Unknown
6601304911,"['0953-5233', '1468-0424']",440844,842,Unknown
6601346840,"['1474-7456', '1475-3138']",448206,680,Unknown
6601357961,"['2047-7058', '2047-704X']",485194,24,Unknown
6601357995,"['2047-7368', '2047-7376']",486786,136,Unknown
6601358035,"['2047-7414', '2047-7422']",480871,232,Unknown
6601644730,"['2040-8153', '1466-2035']",484092,257,Unknown
660184760,"['1754-0402', '1472-9679']",468715,445,Unknown
660194148,"['1869-2729', '1869-2737']",485119,195,Unknown
6602123844,"['2575-1433', '2049-1115']",478783,710,Unknown
6602136389,"['2331-2548', '1348-8678']",487898,402,Unknown
660228724,"['0734-578X', '2168-4723']",494602,223,Unknown
66025521,['0957-8234'],442796,1323,Unknown
6602808998,"['1380-2038', '1478-2294']",437989,511,Unknown
66028369,"['1461-7056', '1354-067X']",412123,932,Unknown
66028487,"['0143-831X', '1461-7099']",340935,1289,Unknown
6602865,"['0022-4634', '1474-0680']",443767,1068,Unknown
66029777,"['1741-315X', '1476-1270']",447191,488,Unknown
6603102846,"['0075-4161', '2052-6512']",488186,29,Unknown
66036248,"['0003-4800', '1469-1809']",437780,3085,Unknown
660393015,"['1474-0079', '0959-2695']",442965,561,Unknown
66040705,"['0004-8402', '1471-6828']",438237,2274,Unknown
66044567,"['1465-3648', '0268-1153']",340079,2335,Unknown
66044573,"['1355-4794', '1465-3656']",445123,1685,Unknown
660457847,"['1754-3266', '1754-3274']",492779,420,Unknown
660462491,"['1941-8361', '1471-4787']",483208,176,Unknown
660469222,"['1469-5405', '1741-2900']",442687,621,Unknown
66048602,['2158-2440'],477763,4648,True
660494081,"['2041-6938', '2041-6946']",477061,122,Unknown
660521319,"['1470-1200', '0307-1022']",446998,799,Unknown
660537386,"['1476-489X', '1357-5279']",430425,803,Unknown
660548313,"['1470-1146', '0267-1522']",446446,907,Unknown
66064131,"['1464-3553', '0379-864X']",418707,2996,Unknown
6608490,"['1468-0335', '0013-0427']",343310,3318,Unknown
660959096,"['1469-8455', '1364-436X']",441777,590,Unknown
660969488,"['1558-5476', '1357-1559']",470627,119,Unknown
6609894,['0306-4603'],343615,7205,Unknown
660996471,"['0105-7510', '1600-0730']",445464,851,Unknown
6609991,"['0306-6150', '1743-9361']",428607,1757,Unknown
6701015064,"['1741-5160', '1465-6612']",475467,314,Unknown
6701110362,"['1462-6268', '1744-3806']",439906,536,Unknown
67011271,"['1468-5957', '0306-686X']",442525,2578,Unknown
67011397,['0306-8293'],442020,2240,Unknown
67011434,['0306-9192'],343261,2752,Unknown
6701267538,"['2049-6737', '2049-6729']",480670,102,True
6701268836,"['1745-5278', '1740-3553']",485721,191,Unknown
6701293379,"['0843-8714', '2052-7756']",441918,502,Unknown
6701309421,"['1753-8629', '2041-1022']",484976,114,Unknown
6701360862,"['1754-8500', '1754-8519']",484902,198,Unknown
670148600,"['1035-0330', '1470-1219']",447015,979,Unknown
670154352,"['1750-1237', '1750-1229']",476064,421,Unknown
67015454,"['1360-0508', '0968-7599']",422429,2314,Unknown
67015459,"['1468-0432', '0968-6673']",440848,1404,Unknown
67015483,"['1468-0777', '1471-5902']",440620,1546,Unknown
6701655987,"['2398-9777', '2398-9785']",496691,132,Unknown
6701828176,"['1744-1331', '1744-134X']",469921,562,Unknown
67018861,['0264-2751'],439100,3781,Unknown
67020072,"['1464-0627', '0264-3294']",439227,1253,Unknown
6702111932,"['2155-286X', '2155-2851']",488330,180,Unknown
6702124488,"['0952-1909', '1467-6443']",443056,778,Unknown
6702138324,['2053-6712'],480983,78,True
6702224828,['2049-9647'],484934,257,True
6702552640,"['1748-3727', '2048-2906']",483410,94,Unknown
67027297,"['1465-1165', '1741-2757']",440519,634,Unknown
67027316,"['1741-282X', '0018-7267']",342897,4238,Unknown
67027419,"['1461-7447', '0959-3543']",447737,1597,Unknown
67028869,"['1741-2625', '1469-7874']",437269,421,Unknown
67028943,"['1651-2294', '0023-3609']",444206,382,Unknown
67030233,"['1464-5351', '1369-1058']",341980,1779,Unknown
67030239,"['1369-118X', '1468-4462']",441597,1968,Unknown
67030246,"['1357-650X', '1464-0678']",444318,1054,Unknown
670302947,"['1479-2931', '1479-294X']",469887,540,Unknown
670326880,"['1744-1854', '1750-0109']",451484,320,Unknown
6703447074,"['2150-7295', '0308-7298']",441207,845,Unknown
6703449581,"['0309-0728', '1745-8196']",475763,343,Unknown
6703449713,"['1476-6728', '0309-0892']",442317,670,Unknown
67043407,"['1461-734X', '0191-4537']",445742,1430,Unknown
67043453,['0191-491X'],447259,1524,Unknown
67043483,"['0191-6599', '1873-541X']",441204,1713,Unknown
670455008,"['1754-3800', '1754-3797']",479999,54,Unknown
670549087,['1361-9322'],478585,577,Unknown
6705638,"['0011-1562', '1467-8705']",439580,1116,Unknown
670587039,"['0262-5245', '1468-2249']",444995,496,Unknown
670587182,"['1468-0092', '0262-5253']",445521,930,Unknown
67064147,"['1552-8294', '0049-1241']",339890,1338,Unknown
67064353,"['0714-9808', '1710-1107']",438858,1717,Unknown
67065547,"['1469-8099', '0026-749X']",339856,1906,Unknown
6707128,"['0958-5192', '1466-4399']",340676,3599,Unknown
6707159,"['1744-3210', '0958-8221']",439383,1096,Unknown
6707162,"['1465-3869', '0958-9236']",442981,1096,Unknown
670815734,"['1941-9899', '1941-9902']",476467,420,Unknown
6708545,"['1469-5812', '0013-1857']",440094,2692,Unknown
6708558,"['0013-1881', '1469-5847']",440100,1661,Unknown
6708629,"['0013-1911', '1465-3397']",440103,1824,Unknown
670869522,"['0305-7674', '2047-7716']",485383,171,True
6708785,"['1471-3012', '1741-2684']",439801,1530,Unknown
670950074,"['1363-9080', '1469-9435']",442791,800,Unknown
6801029813,"['1354-6805', '1464-0619']",439226,780,Unknown
6801126581,"['1502-7805', '0039-7679']",342927,635,Unknown
6801149000,['0967-3407'],440271,477,Unknown
6801302588,"['0953-5314', '1469-5758']",440061,904,Unknown
6801341990,"['1475-3022', '1474-7472']",443502,481,Unknown
6801352990,"['0014-5483', '2047-7708']",440594,593,Unknown
6801417480,"['1476-7430', '1572-5138']",468276,512,Unknown
68015468,"['1469-8315', '0015-587X']",440716,1837,Unknown
6801565494,"['1468-0483', '0016-8777']",440944,821,Unknown
6801586563,"['1578-4118', '1135-6405']",436010,775,Unknown
68016727,"['1478-9698', '0922-1565']",444378,1272,Unknown
6801677059,"['1747-4965', '0332-3315']",476427,948,Unknown
68016791,"['1052-9284', '1099-1298']",339933,1285,Unknown
68016897,"['1053-1858', '1477-9803']",443629,1149,Unknown
6801802105,"['2040-0918', '1740-8296']",468528,315,Unknown
6801828752,['1306-3030'],472914,403,Unknown
6801841536,"['1744-1374', '1744-1382']",471224,668,Unknown
68019913,"['1470-1197', '1464-9365']",446989,1374,Unknown
68019917,"['1465-0045', '1557-3028']",440925,1125,Unknown
68020086,"['1469-7823', '0047-2794']",343358,1660,Unknown
6802155872,['2572-9861'],494887,154,True
6802310247,['2631-3952'],503990,140,True
6802354582,"['2324-7800', '2324-7797']",483615,126,Unknown
68025601,['0003-3472'],342177,14046,Unknown
6802569574,"['1748-4995', '1748-5002']",469917,277,Unknown
6802585614,['2514-1708'],504671,30,True
68027264,"['0309-877X', '1469-9486']",442970,1731,Unknown
6803028,"['2044-8260', '0144-6657']",438641,1741,Unknown
6803038799,"['1755-2028', '1471-5767']",484496,168,Unknown
6803049,"['1469-1779', '0144-686X']",432451,2396,Unknown
6803094364,"['0078-172X', '1745-8706']",445273,588,Unknown
68031468,"['0959-3535', '1461-7161']",340467,1502,Unknown
68031496,"['1356-3890', '1461-7153']",440526,787,Unknown
68031588,"['1651-2278', '1403-6096']",413517,608,Unknown
680331732,"['1744-2222', '1744-2230']",468624,314,Unknown
68033492,"['1045-3172', '1467-8551']",438652,1430,Unknown
6803491213,"['1469-834X', '1359-8139']",441141,423,Unknown
68037547,"['0790-9667', '2051-6967']",442172,1757,Unknown
68040378,"['0026-3206', '1743-7881']",444835,1698,Unknown
68057242,"['0424-2084', '2059-0644']",482328,1219,Unknown
68067345,"['0703-6337', '1477-2280']",442889,1143,Unknown
6806762,"['1743-890X', '1351-0347']",439803,1479,Unknown
680773266,"['1469-5790', '0952-3987']",440093,797,Unknown
680773438,"['2042-1362', '0952-4142']",470589,122,Unknown
680839904,"['1460-3586', '1359-1835']",443265,551,Unknown
690104073,"['1479-5914', '1479-5922']",441761,272,Unknown
6901154283,"['1759-7595', '0147-037X']",478839,284,Unknown
6901288201,"['1740-5610', '1740-5629']",449304,866,Unknown
6901299357,"['1479-0718', '1747-7530']",468460,609,Unknown
69013561,"['1469-3534', '0306-9885']",438648,1886,Unknown
69013587,"['1469-3569', '1369-5258']",438755,476,Unknown
69013589,"['1469-3704', '0958-5176']",439738,932,Unknown
6901382817,"['1754-923X', '1754-9221']",481030,106,Unknown
69014774,"['2044-8295', '0007-1269']",438662,2915,Unknown
69014897,"['1469-2139', '0008-1973']",438800,1628,Unknown
6901694281,"['2050-4918', '0332-4893']",482182,237,Unknown
6901801589,"['0578-6967', '2396-9202']",482409,683,Unknown
6901816521,"['1740-8776', '1740-8784']",444530,676,Unknown
6901889715,"['2631-3561', '2356-9980']",503851,118,True
6901893970,"['2153-9596', '2153-960X']",478922,287,Unknown
6901966592,"['2156-7077', '2156-7069']",479815,591,True
6902053510,"['1940-5065', '1521-5385']",478838,153,Unknown
6902061989,"['1680-4333', '1682-0983']",474425,1002,Unknown
69021533,"['0304-4130', '1475-6765']",342589,2415,Unknown
6902215298,"['1755-1749', '1748-538X']",484904,161,Unknown
690224144,"['1364-5145', '1755-7550']",451675,386,Unknown
6902411648,"['1746-0662', '1746-0654']",450972,373,Unknown
6902444795,"['1469-9427', '1350-178X']",442783,778,Unknown
69025496,"['0954-5794', '1469-2198']",439856,2540,Unknown
69025522,"['1748-8583', '0954-5395']",436041,972,Unknown
6902641989,"['2046-4436', '2046-4444']",490888,48,Unknown
69027326,"['1469-7610', '0021-9630']",341779,5205,Unknown
69027571,"['1041-6102', '1741-203X']",442090,4142,Unknown
6902803498,"['1528-8870', '2049-7636']",486060,358,Unknown
690283658,"['0011-1570', '1752-2293']",451510,217,Unknown
690286477,"['1547-3384', '1070-289X']",343035,991,Unknown
69028847,"['1350-4622', '1469-5871']",440277,1553,Unknown
69028894,"['1350-6285', '1464-0716']",448060,1416,Unknown
69033078,"['0950-0170', '1469-8722']",341902,2044,Unknown
69034436,"['1475-2409', '1741-2943']",443685,387,Unknown
69034505,"['1470-4129', '1741-2994']",444088,518,Unknown
69039192,"['1745-5308', '0014-5246']",440593,1215,Unknown
690428775,"['0141-982X', '1467-9639']",447389,946,Unknown
69043951,"['1460-2113', '0026-4423']",444849,4197,Unknown
69045368,"['0023-1940', '2051-6177']",483933,1204,Unknown
69045447,"['1350-293X', '1752-1807']",468711,1028,Unknown
69045573,"['1464-5114', '0898-5626']",343416,1017,Unknown
69048125,"['1743-0178', '0035-9149']",445281,1116,Unknown
69051191,"['1816-3831', '1607-5889', '1560-7755', '0020-8604']",475129,1589,Unknown
6905186,"['0268-540X', '1467-8322']",437862,1547,Unknown
6905206,"['0268-7038', '1464-5041']",437889,2673,Unknown
690554534,['1359-5474'],447782,719,Unknown
690554853,"['1755-1692', '1364-9809']",480141,437,Unknown
690579805,"['1469-8374', '1367-8868']",441274,935,Unknown
690781084,"['0952-4649', '1741-7279']",442746,576,Unknown
690881242,"['0305-8034', '1749-6322']",478840,460,Unknown
